PRAGMA foreign_keys = ON;
BEGIN TRANSACTION;



insert into Arbitro values (239385347, "artur soares dias", "portuguesa", "29/01/1985" ,94, 916847264);
insert into Arbitro values (948234234, "leonardo leao", "portuguesa", "17/01/1983" , 65, 938657182);
insert into Arbitro values (239385341, "andre duarte", "portuguesa", "21/02/1990" , 143, 919238563);
insert into Arbitro values (245498645, "jose leal", "portuguesa", "04/12/1988", 185, 938759401);
insert into Arbitro values (111498045, "luis godinho", "portuguesa", "01/11/1986", 185, 913526579);
insert into Arbitro values (693835001, "antonio mendes", "portuguesa", "29/05/1993", 90, 962331179);
insert into Arbitro values (197000556, "carlos mota", "portuguesa", "11/11/1993", 300, 968502777);
insert into Arbitro values (145011223, "ricardo soares", "portuguesa", "01/09/1985", 166, 913527715);
insert into Arbitro values (954778990, "tomaz camara", "portuguesa", "13/03/1982", 154, 913525863);
insert into Arbitro values (613790456, "merola canada", "portuguesa", "22/10/1987", 122, 919056894);
insert into Arbitro values (693687401, "antonio mendes", "portuguesa", "29/05/1993", 90, 963709467);
insert into Arbitro values (957003756, "andre ventura", "portuguesa", "22/08/1995", 105, 961794579);
insert into Arbitro values (911245935, "pedro coelho", "portuguesa", "13/03/1988", 45, 967895347);
insert into Arbitro values (946733747, "jose salvador", "portuguesa", "21/05/1989", 444, 916845692);



insert into Adepto values (323898375, "antonio costa", "portuguesa","07/06/1989" , 916382765, "antoniocosta@gmail.com");
insert into Adepto values (153948712,  "luis coutinho", "portuguesa","19/01/1983" , 918801875, "luiscoutinho@gmail.com");
insert into Adepto values (896238854,  "tomas marques", "portuguesa","17/04/1973" , 917483918, "tomasmarques@gmail.com");
insert into Adepto values (764385732,  "diana silva", "portuguesa","29/12/2000" , 916493026, "dianasilva@hotmail.com");
insert into Adepto values (230438922,  "mario teixeira", "portuguesa","09/09/1990", 915678913, "marioteixeira@hotmail.com");
insert into Adepto values (239844291,  "andre freitas", "portuguesa","05/05/2004" , 912993742, "andrefreitas@gmail.com");
insert into Adepto values (738294913,  "andre vilela", "portuguesa","01/10/2005" , 918747654, "andrevilela@gmail.com");
insert into Adepto values (757328341,  "mariana alves", "brasileira","14/04/1970", 918763856, "marianaalves@gmail.com");
insert into Adepto values (438393714,  "catia maia", "portuguesa","19/09/1999" , 917679854, "catiamaia@gmail.com");
insert into Adepto values (293842345,  "luis socrates", "portuguesa","23/04/1990" , 969847165, "luissocrates@gmail.com");
insert into Adepto values (982342934,  "ana amaral", "portuguesa","05/11/1973" , 918573917, "anaamaral@gmail.com");
insert into Adepto values (230230412,  ", rui leal", "portuguesa","06/02/1993" , 918374619, "ruileal@gmail.com");
insert into Adepto values (234098234,  "pedro martins", "portuguesa","14/06/1998" , 919386581, "pedromartins@gmail.com");
insert into Adepto values (223423466,  "agostinho manuel", "portuguesa","17/09/1997" , 969872754, "pedromartins@gmail.com");
insert into Adepto values (239487233,  "alexandra cardoso", "portuguesa","22/11/1963" , 916494784, "alexandracardoso@gmail.com");
insert into Adepto values (745991689,  "roman kovalchck", "ucraniano","14/10/1999" , 916777654, "roman.amizade@gmail.com");
insert into Adepto values (890123798,  "maria canada", "portuguesa","03/01/2001" , 916093679, "mariadabeira@gmail.com");
insert into Adepto values (756332890,  "rita canada", "portuguesa","22/12/2001" , 911236890, "ritadaterrinha@gmail.com");
insert into Adepto values (908556887,  "carolina canada", "portuguesa","26/04/2000" , 916478543, "carolinadebaiao@gmail.com");
insert into Adepto values (234112233,  "emanuel camara", "angola","14/07/1985" , 916901567, "burrinho@gmail.com");
insert into Adepto values (387538573,  "tomaz junior", "portugues","02/02/1998" , 916395395, "tomazjr@gmail.com");
insert into Adepto values (249348737,  "guilherme brasil", "brasil","18/10/1997" , 916396763, "guiiilento@gmail.com");
insert into Adepto values (385837377,  "niko hille", "alemanha","01/02/1998" , 916967490, "porshelover@gmail.com");
insert into Adepto values (358385385,  "milk", "tailandia","29/11/1994" , 916386067, "thailanddd02@gmail.com");
--insert into Adepto values (999111222,  "fundador1", "portugugues","22/02/1968" , 913777343, "novas_clauqe01@gmail.com");
--insert into Adepto values (999111333,  "fundador2", "portugugues","22/02/1968" , 913777343, "novas_clauqe01@gmail.com");
--insert into Adepto values (999111444,  "fundador3", "portugugues","22/02/1968" , 913777343, "novas_clauqe01@gmail.com");

insert into Clube values ("benfica", "13/08/1910" ,"cosme damiao", "lisboa", 5 );
insert into Clube values ("sporting","22/10/1908" ,"jose alvalade", "lisboa", 5 );
insert into Clube values ("porto","21/07/1898" , " antonio nicolau", "porto", 5 );
insert into Clube values ("braga","05/10/1935" , " antonio salvador", "braga", 4 );
insert into Clube values ("estoril", "05/001/1945", "joaquim cardim", "estoril", 3 );
insert into Clube values ("portimonense","10/10/1950" , "diogo da silva", "portimao", 3 );
insert into Clube values ("vitoria","22/05/1962" , "Pedro do Carmo", "guimaraes", 4 );
insert into Clube values ("gil vicente","25/03/1969" , "diogo demos", "barcelos", 3 );
insert into Clube values ("arouca","16/09/1975" , "david silva", "arouca", 3 );
insert into Clube values ("tondela","08/05/1970" , "francisco gouveia", "tondela", 2 );
insert into Clube values ("boavista","01/02/1952" , "tomaz moreno", "porto", 3 );
insert into Clube values ("famalicao","22/02/1967" , "cristiano da fama", "famalicao", 3 );
insert into Clube values ("santa clara","13/03/1981" , "marco freitas", "acores", 3 );
insert into Clube values ("maritimo","14/12/1955" , "miguel albuquerque", "madeira", 3 );
insert into Clube values ("vizela","04/04/1949" , "tomaz costa", "vizela", 3 );

insert into Estadio values ("estadio da luz","20/05/2004",70000,"benfica");
insert into Estadio values ("estadio jose alvalade","24/05/w2004",50000,"sporting");
insert into Estadio values ("estadio do dragao","29/05/2004",52000,"porto");
insert into Estadio values ("municipal de braga","24/05/2004",30000,"braga");
insert into Estadio values ("estadio do algarve","03/03/1995",11000,"portimonense");
insert into Estadio values ("estadio d.afonso henriques","03/03/1995",32000,"vitoria");
insert into Estadio values ("estadio de barcelos","03/09/1999", 20000,"gil vicente");
insert into Estadio values ("estadio de arouca","16/07/1975",12000,"arouca");
insert into Estadio values ("municipal de tondela","13/08/1998",15000,"tondela");
insert into Estadio values ("estadio do bessa","01/02/2004",25000,"boavista");
insert into Estadio values ("estadio de famalicao","05/09/1980",11000,"famalicao");
insert into Estadio values ("estadio dos acores","29/02/1960",22500,"santa clara");
insert into Estadio values ("barreiros","06/06/2010",14000,"maritimo");
insert into Estadio values ("estadio de vizela","16/06/1990",10001,"vizela");
insert into Estadio values ("estadio do estoril","02/10/2001",11000,"estoril");







insert into Jogo values (0, 95 ,"15/12/2021" ,"estadio da luz");
insert into Jogo values (1, 100 ,"16/12/2021","estadio do dragao");
insert into Jogo values (2, 98 ,"16/12/2021", "estadio jose alvalade");
insert into Jogo values (3, 102 ,"14/12/2021","municipal de braga");
insert into Jogo values (4, 94 ,"14/12/2021", "estadio do bessa");
--insert into Jogo values (5, 105 ,"22/12/2021", "coimbra da mota");
insert into Jogo values (6, 109 ,"23/12/2021", "estadio d.afonso henriques");
insert into Jogo values (7, 109 ,"23/12/2021", "estadio do estoril");
insert into Jogo values (8, 115 ,"01/01/2022", "estadio de vizela");
insert into Jogo values (9, 94 ,"01/01/2022", "barreiros");
insert into Jogo values (10, 91 ,"01/01/2022", "estadio dos acores");
insert into Jogo values (11, 97 ,"02/01/2022", "estadio de famalicao");


insert into Jogo values (12, 95 ,"15/03/2022" ,"estadio da luz");
insert into Jogo values (13, 98 ,"23/03/2022" ,"estadio da luz");
insert into Jogo values (14, 99 ,"23/12/2022", "estadio do estoril");
insert into Jogo values (15, 101 ,"01/01/2022", "estadio do estoril");
insert into Jogo values (16, 104 ,"16/01/2022","estadio do dragao");

insert into CartaoSocio values (985745774,"sporting",323898375);
insert into CartaoSocio values (843843883, "benfica",153948712);
insert into CartaoSocio values (157972566, "porto",896238854);
insert into CartaoSocio values (157542166, "porto",764385732);
insert into CartaoSocio values (157564556, "vitoria",230438922);
insert into CartaoSocio values (157384383, "vitoria",239844291);
insert into CartaoSocio values (324234838, "vitoria", 738294913);
insert into CartaoSocio values (385385738, "vitoria",757328341);
insert into CartaoSocio values (359385932, "sporting", 438393714);
insert into CartaoSocio values (135359305, "sporting",293842345);
insert into CartaoSocio values (324292949, "sporting",982342934);
insert into CartaoSocio values (359358935, "sporting",230230412);
insert into CartaoSocio values (359385359, "sporting",234098234);
insert into CartaoSocio values (359835938, "sporting",223423466);
insert into CartaoSocio values (469864932, "sporting",239487233);
insert into CartaoSocio values (129482847, "sporting",745991689);
insert into CartaoSocio values (228472848, "sporting",890123798);
insert into CartaoSocio values (304920920, "sporting",756332890);
insert into CartaoSocio values (394384938, "sporting",908556887);
insert into CartaoSocio values (298424728, "sporting",234112233);
insert into CartaoSocio values (358573578, "sporting",387538573);
insert into CartaoSocio values (395835357, "sporting",249348737);
insert into CartaoSocio values (549548549, "sporting",385837377);
insert into CartaoSocio values (359375975, "sporting",358385385);

insert into Bilhete values (1, 213, "multibanco", 35, 5, 323898375,0,985745774);
insert into Bilhete values (2, 155, "multibanco", 40, 0,153948712,0,843843883);
insert into Bilhete values (3, 12, "dinheiro", 35, 5, 896238854,1,157972566);
insert into Bilhete values (4, 380, "multibanco", 30, 10, 764385732,1,157542166);
insert into Bilhete values (5, 1, "dinheiro", 35, 5, 230438922,1,157564556);
insert into Bilhete values (6, 80, "dinheiro", 25, 0, 239844291,1,157384383);
insert into Bilhete values (7, 73, "multibanco", 35, 5, 738294913,2,324234838);
insert into Bilhete values (8, 94, "dinheiro", 15, 0, 757328341,2,385385738);
insert into Bilhete values (9, 1389, "dinheiro", 40, 0, 438393714,2,359385932);
insert into Bilhete values (10, 784, "multibanco", 25, 5, 293842345,2,135359305);
insert into Bilhete values (11, 2303, "multibanco", 35, 5, 982342934,2,324292949);
insert into Bilhete values (12, 777, "dinheiro", 40, 0, 230230412,2,359358935);
insert into Bilhete values (13, 102, "dinheiro", 15, 5, 234098234,2,359385359);
insert into Bilhete values (14, 912, "dinheiro", 25, 5, 223423466,3,359835938);
insert into Bilhete values (15, 42, "multibanco", 10, 5, 239487233,3,469864932);
insert into Bilhete values (16, 5555, "multibanco", 30, 5, 745991689,4,129482847);
insert into Bilhete values (17, 6666, "dinheiro", 25, 0, 890123798,4,228472848);
--insert into Bilhete values (18, 1111, "dinheiro", 35, 0, 756332890,5,304920920);
insert into Bilhete values (19, 2222, "multibanco", 33, 0, 908556887,6,394384938);
insert into Bilhete values (20, 3333, "multibanco", 32, 0, 234112233,7,298424728);
insert into Bilhete values (21, 7777, "multibanco", 40, 4, 387538573,8,358573578);
insert into Bilhete values (22, 1000, "multibanco", 41, 10, 249348737,9,395835357);
insert into Bilhete values (23, 9665, "multibanco", 42, 10, 385837377,10,549548549);
insert into Bilhete values (24, 1343, "multibanco", 41, 10, 358385385,10,359375975);

insert into Bilhete values (25, 1353, "multibanco", 50, 5, 358385385,0,359375975);
insert into Bilhete values (26, 1843, "multibanco", 50, 0, 385837377,0,549548549);
insert into Bilhete values (27, 1883, "multibanco", 50, 5, 387538573,1,358573578);
insert into Bilhete values (28, 343, "multibanco", 55, 10, 223423466,1,359835938);

insert into Bilhete values (29, 15, "multibanco", 40, 11,764385732,3,157542166);
insert into Bilhete values (30, 2, "multibanco", 40, 3,764385732,4,157542166);



insert into Claque values ("nonameboys" ,"07/11/2008",3000, "benfica");
insert into Claque values ("juvaleo" ,"13/08/1910",4000, "sporting");
insert into Claque values ("superdragoes" ,"21/05/1999",5000, "porto");
insert into Claque values ("whiteangels" ,"22/05/1962",2000, "vitoria");
insert into Claque values ("diabosvermelhos" ,"14/08/2010",1000, "braga");
insert into Claque values ("mantoverde" ,"24/08/2004",2000, "sporting");
insert into Claque values ("panterasnegras" ,"11/11/1985",5000, "boavista");
insert into Claque values ("directivo" ,"28/12/2007",1000, "sporting");
insert into Claque values ("coletivo" ,"13/08/1910",2000, "sporting");

insert into Jogador values  ( 111222333, "palhinha","portugues","21/02/1995",120,962331173,8,8,"medio defensivo",5, 40000000,"sporting");
insert into Jogador values ( 143223543, "pote","portugues","02/12/1995",90,962598250,100,50,"extremo",3, 60000000,"sporting");
insert into Jogador values ( 141242433, "rafa","portugues","27/08/1992",250,961551173,90,40,"extremo", 14, 35000000,"benfica");
insert into Jogador values ( 634876986, "darwin","uruguai","15/02/1996",40,961444473,25,10,"extremo", 9, 5000001,"benfica");
insert into Jogador values ( 648786586, "paulinho","portugues","22/07/1994",300,961883373,90,25,"ponta lanca", 15, 25000000,"sporting");
insert into Jogador values ( 900356879, "pepe","portugues","05/01/1985",1000,961679013,80,30,"defesa central", 45, 10000000,"porto");
insert into Jogador values ( 924756990, "inacio","portugues","13/05/1997",120,913947009,4,5,"defesa central", 5, 30000000,"sporting");
insert into Jogador values ( 769469256, "fedal","marrocos","11/10/1994",700,966332445,15,10,"defesa central", 17, 14000000,"sporting");
insert into Jogador values ( 903556993, "porro","espanhol","15/05/1997",230,913912457,35,32,"defesa direito", 8, 45000000,"sporting");
insert into Jogador values ( 901111444, "nuno","portugues","22/10/2000",125,965763456,31,18,"defesa esquerda", 4, 50000000,"sporting");
insert into Jogador values ( 903552879, "coates","uruguai","15/08/1992",600,965919453,40,5,"defesa central", 23, 15000000,"sporting");
insert into Jogador values ( 903658395, "sarabia","espanhol","22/12/1994",537,965789014,55,6,"medio", 11, 24000000,"sporting");
insert into Jogador values ( 835389298, "matheus","brasileiro","04/01/1999",99,965683964,35,13,"medio", 4, 60000000,"sporting");
insert into Jogador values ( 383753783, "ugarte","uruguai","05/10/1998",70,965123987,11,17,"medio", 10, 27000000,"sporting");
insert into Jogador values ( 932485534, "braganca","portugues","22/08/2000",130,965678456,22,6,"medio", 9, 28000000,"sporting");
insert into Jogador values ( 847547485, "santos","portugues","22/02/1996",420,961673945,30,25,"extremo", 12, 20000000,"sporting");
insert into Jogador values ( 948534783, "adan","espanhol","18/05/1990",600,963743249,0,0,"guarda-redes", 10, 10000000,"sporting");
insert into Jogador values ( 329934345, "luiz","colombia","10/03/1996",321,966265874,41,22,"extremo", 5, 70000000,"porto");
insert into Jogador values ( 398423984, "taremi","irao","11/10/1994",420,963837924,100,24,"ponta lanca", 11, 10000000,"porto");
insert into Jogador values ( 948347837, "pepe","portugues","04/07/1988",901,916483893,70,32,"defesa central", 42, 10000000,"porto");
insert into Jogador values ( 544441444, "corona","mexico","05/03/1995",435,963821456,85,67,"extremo", 18, 20000000,"porto");
insert into Jogador values ( 735793284, "conceicao","portugues","22/09/2000",21,918404021,3,8,"medio", 4, 15000000,"porto");
insert into Jogador values ( 834384883, "diogo","portugues","09/06/1998",45,963385913,4,4,"guarda-redes", 1, 12000000,"porto");
insert into Jogador values ( 837437733, "vitor","portugues","20/04/1997",80,963385935,7,1,"medio", 6, 14500000,"porto");
insert into Jogador values ( 389543905, "zaidu","nigeria","31/10/1996",232,963483981,3,19,"lateral direito", 12, 230000000,"porto");
insert into Jogador values ( 373472757, "otavio","brasileiro","16/02/1997",446,918439856,55,45,"extremo", 20, 21000000,"porto");






insert into Treinador values (910234987,"jorge jesus","portugues","21/02/1950",500,913520263,"principal",25,"19/01/1990", "benfica");
insert into Treinador values (113335987,"ruben amorim", "portugues","05/05/1985",100,913678022,"principal",5,"19/01/2019","sporting");
insert into Treinador values (143675987,"sergio conceicao", "portugues","11/07/1984",350,913678022,"principal",15,"22/08/2015", "porto");
insert into Treinador values (122277987,"luis carvalhal", "portugues","24/04/1974",400,911397822,"adjunto",8,"22/08/2000", "vitoria");
insert into Treinador values (484548874,"carlos fernandes", "portugues","22/12/1978",600,911397822,"adjunto",5,"22/08/2000", "sporting");
insert into Treinador values (294933248,"adelio candido", "portugues","10/01/1969",441,911397822,"adjunto",5,"22/08/2000", "estoril");
insert into Treinador values (384348738,"emanuel ferro", "portugues","12/09/1971",432,911397822,"adjunto",5,"22/08/2000", "braga");
insert into Treinador values (384343835,"goncalo alvaro", "portugues","18/02/1983",343,911397822,"adjunto",5,"22/08/2000", "braga");
insert into Treinador values (385375378,"paulo barreira", "portugues","10/09/1968",345,911397822,"adjunto",8,"22/08/2000", "famalicao");
insert into Treinador values (385735873,"jorge vital", "portugues","05/02/1983",434,911397822,"adjunto",9,"22/08/2000", "boavista");
insert into Treinador values (385375837,"tiago ferreira", "portugues","18/10/1983",646,911397822,"adjunto",9,"22/08/2000", "portimonense");
insert into Treinador values (384738375,"bruno pinheiro", "portugues","28/02/1974",424,911397822,"principal",0,"22/08/2000", "arouca");

insert into Resultado values ( "1-1", "benfica",0);
insert into Resultado values ( "1-1", "sporting",0);
insert into Resultado values ( "3-1", "porto",1);
insert into Resultado values ( "3-1", "boavista",1);
insert into Resultado values ( "2-2", "sporting",2);
insert into Resultado values ( "2-2", "braga",2);
insert into Resultado values ( "4-3", "braga",3);
insert into Resultado values ( "4-3", "vitoria",3);
insert into Resultado values ( "0-0", "boavista",4);
insert into Resultado values ( "0-0", "arouca",4);
--insert into Resultado values ( "1-2", "gil vicente",5);
--insert into Resultado values ( "1-2", "tondela",5);
insert into Resultado values ( "3-3", "estoril",6);
insert into Resultado values ( "3-3", "portimonense",6);
insert into Resultado values ( "3-1", "estoril",7);
insert into Resultado values ( "1-3", "vizela",7);
insert into Resultado values ( "3-2", "vizela",8);
insert into Resultado values ( "2-3", "maritimo",8);
insert into Resultado values ( "0-2", "maritimo",9);
insert into Resultado values ( "2-0", "santa clara",9);
insert into Resultado values ( "4-2", "estoril",10);
insert into Resultado values ( "2-4", "vitoria",10);
insert into Resultado values ( "1-1", "famalicao",11);
insert into Resultado values ( "1-1", "braga",11);





insert into JogoArbitro values (0,239385347);
insert into JogoArbitro values (0,948234234);
insert into JogoArbitro values (0,239385341);

insert into JogoArbitro values (1,239385341);
insert into JogoArbitro values (1,613790456);
insert into JogoArbitro values (1,946733747);

insert into JogoArbitro values (2,245498645);
insert into JogoArbitro values (3,111498045);
insert into JogoArbitro values (4,693835001);
--insert into JogoArbitro values (5,197000556);
insert into JogoArbitro values (6,145011223);
insert into JogoArbitro values (7,954778990);
insert into JogoArbitro values (8,613790456);
insert into JogoArbitro values (9,957003756);
insert into JogoArbitro values (10,957003756);
insert into JogoArbitro values (11,957003756);


insert into ClaqueAdepto values ("juvaleo",323898375);
insert into ClaqueAdepto values ("juvaleo",738294913);
insert into ClaqueAdepto values ("juvaleo",230230412);
insert into ClaqueAdepto values ("juvaleo",738294913);
insert into ClaqueAdepto values ("nonameboys",757328341);
insert into ClaqueAdepto values ("superdragoes",438393714);
insert into ClaqueAdepto values ("whiteangels",293842345);
insert into ClaqueAdepto values ("mantoverde",239487233);
insert into ClaqueAdepto values ("panterasnegras",745991689);
insert into ClaqueAdepto values ("directivo",890123798);
insert into ClaqueAdepto values ("coletivo",908556887);
insert into ClaqueAdepto values ("coletivo",234112233);
insert into ClaqueAdepto values ("juvaleo",756332890);
insert into ClaqueAdepto values ("juvaleo",234112233);



COMMIT TRANSACTION;
PRAGMA foreign_keys = on;


